version,title,url,source,source_date,confidence
2025,中国HTCC高温共烧陶瓷行业调研与预测报告（2025版）,https://www.lmcmr.com/gongyecailiaozhipin/xincailiao/2024-01-16/18364.html,Common Crawl CC-MAIN-2025-21,20250522,verified-archived-title
2025,中国N-甲基二乙醇胺（MDEA）行业市场调研与投资战略报告（2025版）,https://www.lmcmr.com/huaxuegongye/yuanyouchanpin/2024-05-23/18470.html,Common Crawl CC-MAIN-2025-26,20250621,verified-archived-title
2025,中国OLED中间体行业调研与发展战略报告（2025版）,https://www.lmcmr.com/huaxuegongye/yuanyouchanpin/2022-09-08/17996.html,Common Crawl CC-MAIN-2025-51,20251215,verified-archived-title
2025,中国PC/ABS合金行业调研与投资预测报告（2025版）,https://www.lmcmr.com/gongyecailiaozhipin/xincailiao/2024-07-05/18544.html,Common Crawl CC-MAIN-2025-21,20250522,verified-archived-title
2025,中国三氟氯乙烯共聚物行业调研与投资评估报告（2025版）,https://www.lmcmr.com/gongyecailiaozhipin/xincailiao/2025-03-16/18826.html,Common Crawl CC-MAIN-2025-51,20251215,verified-archived-title
2025,中国三环唑行业市场调研与未来预测报告（2025版）,https://www.lmcmr.com/huaxuegongye/nongyao/2024-12-31/18731.html,Common Crawl CC-MAIN-2025-47,20251109,verified-archived-title
2025,中国中空吹塑设备行业调研与投资预测报告（2025版）,https://www.lmcmr.com/gongyeshebei/zhuanyongshebei/2024-04-02/18423.html,Common Crawl CC-MAIN-2025-33,20250807,verified-archived-title
2025,中国乙炔黑行业市场调研与未来预测报告（2025版）,https://www.lmcmr.com/gongyecailiaozhipin/xincailiao/2024-12-04/18707.html,Common Crawl CC-MAIN-2025-33,20250807,verified-archived-title
2025,中国二异丁烯行业市场调研与投资预测报告（2025版）,https://www.lmcmr.com/huaxuegongye/youjihuagong/2020-06-19/16875.html,Common Crawl CC-MAIN-2025-21,20250522,verified-archived-title
2025,中国二手车市场评估与投资方向研究报告（2025版）,https://www.lmcmr.com/gongyeshebei/jiaotongyunshushebei/2012-12-04/2262.html,Common Crawl CC-MAIN-2025-38,20250915,verified-archived-title
2025,中国二氟吡唑酸行业市场调研与投资前景报告（2025版）,https://www.lmcmr.com/huaxuegongye/nongyao/2024-06-12/18487.html,Common Crawl CC-MAIN-2025-47,20251109,verified-archived-title
2025,中国二甲基乙醇胺行业市场调研与未来预测报告（2025版）,https://www.lmcmr.com/huaxuegongye/yuanyouchanpin/2025-01-16/18752.html,Common Crawl CC-MAIN-2025-38,20250915,verified-archived-title
2025,中国低顺式聚丁二烯橡胶(LCBR)市场预测与投资战略报告（2025版）,https://www.lmcmr.com/gongyecailiaozhipin/suliaozhipin/2024-07-11/18554.html,Common Crawl CC-MAIN-2025-13,20250319,verified-archived-title
2025,中国光伏焊带行业市场调研与未来预测报告（2025版）,https://www.lmcmr.com/gongyecailiaozhipin/xincailiao/2014-09-03/6082.html,Common Crawl CC-MAIN-2025-33,20250807,verified-archived-title
2025,中国八氟环丁烷行业市场调研与未来预测报告（2025版）,https://www.lmcmr.com/huaxuegongye/yuanyouchanpin/2023-10-09/18301.html,Common Crawl CC-MAIN-2025-26,20250621,verified-archived-title
2025,中国六氟丙烯三聚体行业调研与投资评估报告（2025版）,https://www.lmcmr.com/huaxuegongye/yuanyouchanpin/2019-11-17/14772.html,Common Crawl CC-MAIN-2025-13,20250319,verified-archived-title
2025,中国六氟丙烯二聚体行业调研与投资评估报告（2025版）,https://www.lmcmr.com/huaxuegongye/yuanyouchanpin/2019-11-17/14771.html,Common Crawl CC-MAIN-2025-13,20250319,verified-archived-title
2025,中国养老产业预测与战略咨询报告（2025版）,https://www.lmcmr.com/yiyaoshengwu/qita/2013-01-11/3475.html,Common Crawl CC-MAIN-2025-51,20251215,verified-archived-title
2025,中国冷冻食品产业调研与投资方向研究报告（2025版）,https://www.lmcmr.com/qitahangye/nongfushipinjiagongye/2025-01-10/18751.html,Common Crawl CC-MAIN-2025-38,20250915,verified-archived-title
2025,中国分散剂MF市场评估与投资战略报告（2025版）,https://www.lmcmr.com/huaxuegongye/yuanyouchanpin/2020-02-03/15287.html,Common Crawl CC-MAIN-2025-51,20251215,verified-archived-title
2025,中国化合物半导体行业调研与发展战略报告（2025版）,https://www.lmcmr.com/gongyecailiaozhipin/xincailiao/2019-03-26/13547.html,Common Crawl CC-MAIN-2025-13,20250319,verified-archived-title
2025,中国医用电动床行业调研与未来预测报告（2025版）,https://www.lmcmr.com/yiyaoshengwu/baojianpin/2019-08-06/13999.html,Common Crawl CC-MAIN-2025-38,20250915,verified-archived-title
2025,中国医用聚烯烃行业市场调研与投资预测报告（2025版）,https://www.lmcmr.com/yiyaoshengwu/qita/2024-06-17/18509.html,Common Crawl CC-MAIN-2025-13,20250319,verified-archived-title
2025,中国单壁碳纳米管行业调研与发展战略报告（2025版）,https://www.lmcmr.com/gongyecailiaozhipin/xincailiao/2025-05-19/18949.html,Common Crawl CC-MAIN-2025-26,20250621,verified-archived-title
2025,中国吹塑机行业市场调研与投资战略报告（2025版）,https://www.lmcmr.com/gongyeshebei/zhuanyongshebei/2015-01-26/6309.html,Common Crawl CC-MAIN-2025-26,20250621,verified-archived-title
2025,中国四丙氟橡胶市场调研与投资预测报告（2025版）,https://www.lmcmr.com/gongyecailiaozhipin/suliaozhipin/2022-05-20/17817.html,Common Crawl CC-MAIN-2025-43,20251013,verified-archived-title
2025,中国固体光气行业调研与投资预测报告（2025版）,https://www.lmcmr.com/huaxuegongye/yuanyouchanpin/2019-09-19/14200.html,Common Crawl CC-MAIN-2025-21,20250522,verified-archived-title
2025,中国土工合成材料行业市场调研与投资预测报告（2025版）,https://www.lmcmr.com/qinggongfangzhi/fangzhi/2020-03-09/16175.html,Common Crawl CC-MAIN-2025-13,20250319,verified-archived-title
2025,中国城市园林行业调研与未来发展评估报告（2025版）,https://www.lmcmr.com/qitahangye/qitahangye/2012-12-10/2461.html,Common Crawl CC-MAIN-2025-38,20250915,verified-archived-title
2025,中国天然气压缩机行业调研与未来预测报告（2025版）,https://www.lmcmr.com/gongyeshebei/zhuanyongshebei/2020-03-17/16277.html,Common Crawl CC-MAIN-2025-33,20250807,verified-archived-title
2025,中国对羟基苯甲酸行业市场调研与未来预测报告（2025版）,https://www.lmcmr.com/huaxuegongye/youjihuagong/2025-01-10/18749.html,Common Crawl CC-MAIN-2025-47,20251109,verified-archived-title
2025,中国导电炭黑行业市场调研与发展战略报告（2025版）,https://www.lmcmr.com/gongyecailiaozhipin/xincailiao/2024-12-04/18706.html,Common Crawl CC-MAIN-2025-33,20250807,verified-archived-title
2025,中国尼泊金酯市场预测与投资战略报告（2025版）,https://www.lmcmr.com/huaxuegongye/tianjiaji/2021-02-23/17252.html,Common Crawl CC-MAIN-2025-13,20250319,verified-archived-title
2025,中国己二胺行业市场调研与未来预测报告（2025版）,https://www.lmcmr.com/huaxuegongye/youjihuagong/2019-12-14/14859.html,Common Crawl CC-MAIN-2025-13,20250319,verified-archived-title
2025,中国废旧塑料回收利用产业调研与未来预测报告（2025版）,https://www.lmcmr.com/qitahangye/qitahangye/2018-11-07/13060.html,Common Crawl CC-MAIN-2025-13,20250319,verified-archived-title
2025,中国引线框架用铜合金行业调研与预测报告（2025版）,https://www.lmcmr.com/gongyecailiaozhipin/gangtiezhipin/2025-01-16/18753.html,Common Crawl CC-MAIN-2025-51,20251215,verified-archived-title
2025,中国引线框架行业市场调研与发展战略报告（2025版）,https://www.lmcmr.com/gongyeshebei/qita/2025-01-16/18754.html,Common Crawl CC-MAIN-2025-38,20250915,verified-archived-title
2025,中国抗坏血酸钙行业市场调研与投资预测报告（2025版）,https://www.lmcmr.com/yiyaoshengwu/yiyaozhizao/2024-06-17/18517.html,Common Crawl CC-MAIN-2025-26,20250621,verified-archived-title
2025,中国松香及松香深加工产业调研与投资前景报告（2025版）,https://www.lmcmr.com/qitahangye/qitahangye/2014-02-21/5802.html,Common Crawl CC-MAIN-2025-21,20250522,verified-archived-title
2025,中国松香市场预测与投资战略报告（2025版）,https://www.lmcmr.com/qitahangye/nongfushipinjiagongye/2012-08-01/340.html,Common Crawl CC-MAIN-2025-26,20250621,verified-archived-title
2025,中国氟唑菌酰胺行业市场调研与发展前景报告（2025版）,https://www.lmcmr.com/huaxuegongye/nongyao/2024-06-12/18491.html,Common Crawl CC-MAIN-2025-51,20251215,verified-archived-title
2025,中国氟硅酸镁行业市场调研与发展战略报告（2025版）,https://www.lmcmr.com/huaxuegongye/wujihuagong/2019-11-14/14763.html,Common Crawl CC-MAIN-2025-51,20251215,verified-archived-title
2025,中国氢化丁腈橡胶(HNBR)行业市场调研与预测报告（2025版）,https://www.lmcmr.com/gongyecailiaozhipin/suliaozhipin/2016-05-09/6870.html,Common Crawl CC-MAIN-2025-21,20250522,verified-archived-title
2025,中国氯代甲氧基脂肪酸甲酯行业调研与投资战略报告（2025版）,https://www.lmcmr.com/huaxuegongye/yuanyouchanpin/2024-07-05/18539.html,Common Crawl CC-MAIN-2025-21,20250522,verified-archived-title
2025,中国水处理药剂行业调研与投资评估报告（2025版）,https://www.lmcmr.com/huaxuegongye/yuanyouchanpin/2017-09-05/9862.html,Common Crawl CC-MAIN-2025-51,20251215,verified-archived-title
2025,中国污染土壤修复行业市场调研与投资战略报告（2025版）,https://www.lmcmr.com/qitahangye/nengyuangkuangchang/2013-12-09/5377.html,Common Crawl CC-MAIN-2025-13,20250319,verified-archived-title
2025,中国汽车尼龙管路行业调研与投资战略报告（2025版）,https://www.lmcmr.com/gongyeshebei/jiaotongyunshushebei/2020-06-30/16883.html,Common Crawl CC-MAIN-2025-21,20250522,verified-archived-title
2025,中国汽车铝轮毂行业调研与投资战略报告（2025版）,https://www.lmcmr.com/gongyeshebei/jiaotongyunshushebei/2018-06-12/12593.html,Common Crawl CC-MAIN-2025-13,20250319,verified-archived-title
2025,中国海藻纤维生产技术与发展前景报告（2025版）,https://www.lmcmr.com/qinggongfangzhi/qita/2021-07-14/17361.html,Common Crawl CC-MAIN-2025-38,20250915,verified-archived-title
2025,中国液氮生物容器行业市场调研与发展战略报告（2025版）,https://www.lmcmr.com/yiyaoshengwu/baojianpin/2024-06-17/18511.html,Common Crawl CC-MAIN-2025-13,20250319,verified-archived-title
2025,中国烯丙醇行业市场调研与投资战略报告（2025版）,https://www.lmcmr.com/huaxuegongye/youjihuagong/2024-05-30/18472.html,Common Crawl CC-MAIN-2025-21,20250522,verified-archived-title
2025,中国煤制乙二醇行业调研与投资评估报告（2025版）,https://www.lmcmr.com/qitahangye/nengyuangkuangchang/2013-02-27/4387.html,Common Crawl CC-MAIN-2025-51,20251215,verified-archived-title
2025,中国环氧树脂导电胶膜行业调研与投资战略报告（2025版）,https://www.lmcmr.com/gongyecailiaozhipin/xincailiao/2024-06-05/18474.html,Common Crawl CC-MAIN-2025-21,20250522,verified-archived-title
2025,中国电动中空成型机行业调研与投资战略报告（2025版）,https://www.lmcmr.com/gongyeshebei/zhuanyongshebei/2024-04-03/18427.html,Common Crawl CC-MAIN-2025-13,20250319,verified-archived-title
2025,中国电子级二氧化碳市场预测与投资战略报告（2025版）,https://www.lmcmr.com/huaxuegongye/yuanyouchanpin/2019-12-16/14861.html,Common Crawl CC-MAIN-2025-33,20250807,verified-archived-title
2025,中国电子级氯化氢气体市场预测与投资战略报告（2025版）,https://www.lmcmr.com/huaxuegongye/yuanyouchanpin/2019-12-16/14865.html,Common Crawl CC-MAIN-2025-33,20250807,verified-archived-title
2025,中国电影后期制作行业市场调研与发展战略报告（2025版）,https://www.lmcmr.com/qitahangye/qitahangye/2012-10-16/1395.html,Common Crawl CC-MAIN-2025-21,20250522,verified-archived-title
2025,中国石油天然气钻采及输送用钢管市场深度调研报告（2025版）,https://www.lmcmr.com/gongyecailiaozhipin/gangtiezhipin/2014-06-25/5962.html,Common Crawl CC-MAIN-2025-38,20250915,verified-archived-title
2025,中国硝酸镁行业市场调研与投资评估报告（2025版）,https://www.lmcmr.com/huaxuegongye/yuanyouchanpin/2017-04-10/7793.html,Common Crawl CC-MAIN-2025-47,20251109,verified-archived-title
2025,中国磁悬浮透平真空泵行业调研与投资预测报告（2025版）,https://www.lmcmr.com/gongyeshebei/zhuanyongshebei/2024-06-17/18523.html,Common Crawl CC-MAIN-2025-13,20250319,verified-archived-title
2025,中国福美钠行业市场调研与投资前景报告（2025版）,https://www.lmcmr.com/huaxuegongye/yuanyouchanpin/2023-05-12/18172.html,Common Crawl CC-MAIN-2025-26,20250621,verified-archived-title
2025,中国离型膜行业调研与发展战略报告（2025版）,https://www.lmcmr.com/gongyecailiaozhipin/xincailiao/2025-08-25/19074.html,Common Crawl CC-MAIN-2025-43,20251012,verified-archived-title
2025,中国离子交换树脂行业调研与未来预测报告（2025版）,https://www.lmcmr.com/huaxuegongye/suliaojishuzhi/2016-05-05/6850.html,Common Crawl CC-MAIN-2025-51,20251215,verified-archived-title
2025,中国紫檀芪行业发展技术调研与未来预测报告（2025版）,https://www.lmcmr.com/yiyaoshengwu/yiyaozhizao/2020-07-06/16936.html,Common Crawl CC-MAIN-2025-47,20251109,verified-archived-title
2025,中国绿氢制甲醇生产技术与发展前景报告（2025版）,https://www.lmcmr.com/qitahangye/qitahangye/2024-07-26/18557.html,Common Crawl CC-MAIN-2025-21,20250522,verified-archived-title
2025,中国缝纫机零件行业研究与投资前景预测报告（2025版）,https://www.lmcmr.com/gongyeshebei/zhuanyongshebei/2017-09-14/10104.html,Common Crawl CC-MAIN-2025-43,20251012,verified-archived-title
2025,中国缝纫线行业调研与投资方向评估报告（2025版）,https://www.lmcmr.com/qinggongfangzhi/fangzhi/2017-07-21/9322.html,Common Crawl CC-MAIN-2025-33,20250807,verified-archived-title
2025,中国联苯吡菌胺市场预测与投资战略报告（2025版）,https://www.lmcmr.com/huaxuegongye/nongyao/2024-05-18/18458.html,Common Crawl CC-MAIN-2025-51,20251215,verified-archived-title
2025,中国聚丙烯电容膜行业市场调研与预测报告（2025版）,https://www.lmcmr.com/gongyecailiaozhipin/suliaozhipin/2025-04-21/18916.html,Common Crawl CC-MAIN-2025-21,20250522,verified-archived-title
2025,中国船用燃料油行业市场调研与预测报告（2025版）,https://www.lmcmr.com/qitahangye/nengyuangkuangchang/2019-01-16/13351.html,Common Crawl CC-MAIN-2025-33,20250807,verified-archived-title
2025,中国芦荟多糖行业市场调研与投资预测报告（2025版）,https://www.lmcmr.com/yiyaoshengwu/qita/2024-06-17/18514.html,Common Crawl CC-MAIN-2025-13,20250319,verified-archived-title
2025,中国莫西沙星侧链市场调研与投资预测报告（2025版）,https://www.lmcmr.com/huaxuegongye/huaxueyuanliaoyao/2023-12-03/18316.html,Common Crawl CC-MAIN-2025-38,20250915,verified-archived-title
2025,中国诺卡酮（圆柚酮）生产技术与发展前景报告（2025版）,https://www.lmcmr.com/huaxuegongye/huaxueyuanliaoyao/2024-07-05/18543.html,Common Crawl CC-MAIN-2025-43,20251012,verified-archived-title
2025,中国车载镜头行业市场调研与未来预测报告（2025版）,https://www.lmcmr.com/gongyeshebei/jiaotongyunshushebei/2016-12-08/7263.html,Common Crawl CC-MAIN-2025-26,20250621,verified-archived-title
2025,中国连续碳化硅纤维行业调研与投资预测报告（2025版）,https://www.lmcmr.com/gongyecailiaozhipin/xincailiao/2024-06-05/18479.html,Common Crawl CC-MAIN-2025-26,20250621,verified-archived-title
2025,中国造影剂行业市场调研与投资预测报告（2025版）,https://www.lmcmr.com/yiyaoshengwu/qita/2017-06-15/8703.html,Common Crawl CC-MAIN-2025-21,20250522,verified-archived-title
2025,中国钐铁氮磁粉行业市场调研与投资预测报告（2025版）,https://www.lmcmr.com/gongyecailiaozhipin/xincailiao/2024-06-17/18518.html,Common Crawl CC-MAIN-2025-13,20250319,verified-archived-title
2025,中国间三氟甲基苯乙酮行业调研与投资评估报告（2025版）,https://www.lmcmr.com/huaxuegongye/youjihuagong/2018-11-02/13031.html,Common Crawl CC-MAIN-2025-21,20250522,verified-archived-title
2025,中国防静电集装袋行业调研与投资预测报告（2025版）,https://www.lmcmr.com/qitahangye/qitahangye/2024-07-05/18545.html,Common Crawl CC-MAIN-2025-26,20250621,verified-archived-title
2025,中国阿伏苯宗行业市场调研与投资评估报告（2025版）,https://www.lmcmr.com/huaxuegongye/yuanyouchanpin/2019-11-15/14766.html,Common Crawl CC-MAIN-2025-13,20250319,verified-archived-title
2025,中国陶粒支撑剂行业市场调研与投资前景报告（2025版）,https://www.lmcmr.com/qitahangye/qitahangye/2017-05-31/8312.html,Common Crawl CC-MAIN-2025-13,20250319,verified-archived-title
2025,中国非PVC输液器市场预测与投资战略报告（2025版）,https://www.lmcmr.com/yiyaoshengwu/baojianpin/2014-11-24/6128.html,Common Crawl CC-MAIN-2025-26,20250621,verified-archived-title
2025,中国鱼藤酮行业市场调研与投资预测报告（2025版）,https://www.lmcmr.com/huaxuegongye/nongyao/2024-06-09/18485.html,Common Crawl CC-MAIN-2025-26,20250621,verified-archived-title
2025,全球与中国水性涂料产业调研与发展战略报告（2025版）,https://www.lmcmr.com/gongyecailiaozhipin/jiancai/2015-08-19/6581.html,Common Crawl CC-MAIN-2025-51,20251215,verified-archived-title
