date,datetime,title,id,url,page,position
2026-08-19,2026-08-19T17:08:00+08:00,中国精异丙甲草胺行业市场调研与投资评估报告（2026版）,1064914058,https://www.sohu.com/a/1064914058_252291,1,16
2026-08-19,2026-08-19T13:49:00+08:00,中国流延聚丙烯薄膜（CPP薄膜）行业调研与预测报告（2026版）,1064821766,https://www.sohu.com/a/1064821766_252291,1,17
2026-08-19,2026-08-19T13:41:00+08:00,中国乙丙丁三元共聚聚丙烯行业调研与投资评估报告（2026版）,1064818507,https://www.sohu.com/a/1064818507_252291,1,18
2026-08-19,2026-08-19T12:25:00+08:00,中国CPP专用树脂行业调研与发展战略报告（2026版）,1064789895,https://www.sohu.com/a/1064789895_252291,1,19
2026-08-19,2026-08-19T12:22:00+08:00,中国CPP薄膜专用料行业调研与发展战略报告（2026版）,1064788638,https://www.sohu.com/a/1064788638_252291,2,0
2026-08-19,2026-08-19T12:03:00+08:00,中国羟基乙腈行业市场调研与投资评估报告（2026版）,1064779720,https://www.sohu.com/a/1064779720_252291,2,1
2026-08-18,2026-08-18T14:54:00+08:00,中国甲酸钙行业市场调研与投资评估报告（2026版）,1064369647,https://www.sohu.com/a/1064369647_252291,2,2
2026-08-18,2026-08-18T14:54:00+08:00,中国苯扎氯铵行业市场调研与未来预测报告（2026版）,1064369081,https://www.sohu.com/a/1064369081_252291,2,3
2026-08-17,2026-08-17T15:53:00+08:00,中国汽车铝板行业市场调研与发展战略报告（2026版）,1063963065,https://www.sohu.com/a/1063963065_252291,2,4
2026-08-17,2026-08-17T15:01:00+08:00,中国氧化亚铜行业市场调研与未来预测报告（2026版）,1063932901,https://www.sohu.com/a/1063932901_252291,2,5
2026-08-17,2026-08-17T14:51:00+08:00,中国气膜建筑行业市场调研与投资预测报告（2026版）,1063929316,https://www.sohu.com/a/1063929316_252291,2,6
2026-08-17,2026-08-17T14:45:00+08:00,中国光纤熔接机行业调研与发展战略报告（2026版）,1063925892,https://www.sohu.com/a/1063925892_252291,2,7
2026-08-17,2026-08-17T14:20:00+08:00,中国正构烷烃行业市场调研与投资评估报告（2026版）,1063915278,https://www.sohu.com/a/1063915278_252291,2,8
2026-08-17,2026-08-17T14:16:00+08:00,中国口腔CBCT行业市场调研与未来预测报告（2026版）,1063914147,https://www.sohu.com/a/1063914147_252291,2,9
2026-08-17,2026-08-17T13:59:00+08:00,中国空心杯电机行业市场调研与发展战略报告（2026版）,1063905986,https://www.sohu.com/a/1063905986_252291,2,10
2026-08-17,2026-08-17T13:13:41+08:00,中国汽车安全气囊行业市场调研与未来预测报告（2026版）,1063889314,https://www.sohu.com/a/1063889314_252291,2,11
2026-08-17,2026-08-17T12:58:00+08:00,中国松节油行业市场调研与未来预测报告（2026版）,1063883048,https://www.sohu.com/a/1063883048_252291,2,12
2026-08-17,2026-08-17T12:43:00+08:00,中国二氯丙烷行业市场调研与投资评估报告（2026版）,1063877883,https://www.sohu.com/a/1063877883_252291,2,13
2026-08-16,2026-08-16T16:37:00+08:00,中国苯丙乳液行业市场调研与投资评估报告（2026版）,1063595514,https://www.sohu.com/a/1063595514_252291,2,14
2026-08-16,2026-08-16T16:30:00+08:00,中国福美钠行业市场调研与投资评估报告（2026版）,1063593857,https://www.sohu.com/a/1063593857_252291,2,15
2026-08-16,2026-08-16T16:11:00+08:00,中国电弧炉行业市场调研与未来预测报告（2026版）,1063590019,https://www.sohu.com/a/1063590019_252291,2,16
2026-08-16,2026-08-16T16:06:00+08:00,中国钽铌产业调研与未来预测报告（2026版）,1063588292,https://www.sohu.com/a/1063588292_252291,2,17
2026-08-16,2026-08-16T15:59:00+08:00,中国阴离子表面活性剂行业市场调研与预测报告（2026版）,1063586770,https://www.sohu.com/a/1063586770_252291,2,18
2026-08-15,2026-08-15T17:16:00+08:00,全球与中国光通信器件行业市场调研与预测报告（2026版）,1063287409,https://www.sohu.com/a/1063287409_252291,2,19
2026-08-15,2026-08-15T17:12:00+08:00,中国丁二酸酐行业市场调研与投资预测报告（2026版）,1063286268,https://www.sohu.com/a/1063286268_252291,3,0
2026-08-15,2026-08-15T17:06:00+08:00,中国智慧校园行业市场调研与未来预测报告（2026版）,1063285119,https://www.sohu.com/a/1063285119_252291,3,1
2026-08-14,2026-08-14T14:38:00+08:00,中国乙烯焦油行业市场调研与投资评估报告（2026版）,1062793647,https://www.sohu.com/a/1062793647_252291,3,2
2026-08-14,2026-08-14T14:35:00+08:00,中国二乙基次磷酸铝行业市场调研与预测报告（2026版）,1062792430,https://www.sohu.com/a/1062792430_252291,3,3
2026-08-14,2026-08-14T14:33:00+08:00,中国锌粉产业调研与投资方向研究报告（2026版）,1062791459,https://www.sohu.com/a/1062791459_252291,3,4
2026-08-14,2026-08-14T14:04:00+08:00,中国非对称受阻酚型抗氧剂行业调研与投资评估报告（2026版）,1062778294,https://www.sohu.com/a/1062778294_252291,3,5
2026-08-14,2026-08-14T12:58:00+08:00,中国畜牧养殖环境控制机械行业调研与预测报告（2026版）,1062755067,https://www.sohu.com/a/1062755067_252291,3,6
2026-08-14,2026-08-14T12:46:00+08:00,中国畜牧养殖机械行业调研与未来预测报告（2026版）,1062751822,https://www.sohu.com/a/1062751822_252291,3,7
2026-08-14,2026-08-14T12:33:00+08:00,中国DL-丙氨酸市场预测与投资战略报告（2026版）,1062747085,https://www.sohu.com/a/1062747085_252291,3,8
2026-08-14,2026-08-14T12:04:00+08:00,中国医用高压氧舱市场调研与未来预测报告（2026版）,1062735499,https://www.sohu.com/a/1062735499_252291,3,9
2026-08-13,2026-08-13T17:11:00+08:00,中国2-氯乙醇行业市场调研与投资评估报告（2026版）,1062414988,https://www.sohu.com/a/1062414988_252291,3,10
2026-08-13,2026-08-13T17:09:00+08:00,中国发酵豆粕行业调研与未来预测报告（2026版）,1062414813,https://www.sohu.com/a/1062414813_252291,3,11
2026-08-13,2026-08-13T16:59:00+08:00,中国羟丙基淀粉醚行业调研与未来预测报告（2026版）,1062409933,https://www.sohu.com/a/1062409933_252291,3,12
2026-08-13,2026-08-13T16:51:00+08:00,中国超快激光器行业调研与发展战略报告（2026版）,1062405800,https://www.sohu.com/a/1062405800_252291,3,13
2026-08-13,2026-08-13T16:30:00+08:00,中国微高压氧舱市场调研与未来预测报告（2026版）,1062397735,https://www.sohu.com/a/1062397735_252291,3,14
2026-08-13,2026-08-13T14:47:00+08:00,中国活性磷酸钙行业调研与未来预测报告（2026版）,1062345131,https://www.sohu.com/a/1062345131_252291,3,15
2026-08-13,2026-08-13T14:46:00+08:00,"中国2,3,4-三氟硝基苯行业市场调研与未来预测报告（2026版）",1062344282,https://www.sohu.com/a/1062344282_252291,3,16
2026-08-13,2026-08-13T13:13:26+08:00,中国甲醇汽车市场调研与未来预测报告（2026版）,1062307726,https://www.sohu.com/a/1062307726_252291,3,17
2026-08-13,2026-08-13T13:11:00+08:00,中国注射用人生长激素市场调研与未来预测报告（2026版）,1062306473,https://www.sohu.com/a/1062306473_252291,3,18
2026-08-13,2026-08-13T13:10:00+08:00,中国陶粒支撑剂行业市场调研与投资战略报告（2026版）,1062306197,https://www.sohu.com/a/1062306197_252291,3,19
2026-08-12,2026-08-12T15:31:00+08:00,"中国1,3-丙二醇行业市场调研与发展战略报告（2026版）",1061916716,https://www.sohu.com/a/1061916716_252291,4,0
2026-08-12,2026-08-12T15:22:00+08:00,中国DR设备行业市场调研与发展战略（2026版）,1061910236,https://www.sohu.com/a/1061910236_252291,4,1
2026-08-12,2026-08-12T15:11:00+08:00,中国乙丁橡胶（EBT）生产技术与发展前景报告（2026版）,1061903655,https://www.sohu.com/a/1061903655_252291,4,2
2026-08-12,2026-08-12T14:43:00+08:00,中国脲醛缓释肥料行业调研与发展战略报告（2026版）,1061882321,https://www.sohu.com/a/1061882321_252291,4,3
2026-08-12,2026-08-12T14:30:00+08:00,全球及中国生物基乙二醇技术调研与预测报告（2026版）,1061875598,https://www.sohu.com/a/1061875598_252291,4,4
2026-08-12,2026-08-12T14:22:00+08:00,中国聚呋喃二甲酸乙二醇酯行业调研与预测报告（2026版）,1061872600,https://www.sohu.com/a/1061872600_252291,4,5
2026-08-12,2026-08-12T14:12:00+08:00,中国键合铜丝行业调研与未来预测报告（2026版）,1061866875,https://www.sohu.com/a/1061866875_252291,4,6
2026-08-12,2026-08-12T14:11:00+08:00,中国医药级HPMC市场预测与投资战略报告（2026版）,1061866669,https://www.sohu.com/a/1061866669_252291,4,7
2026-08-12,2026-08-12T14:11:00+08:00,中国氢氧化钡行业市场调研与发展战略报告（2026版）,1061867029,https://www.sohu.com/a/1061867029_252291,4,8
2026-08-12,2026-08-12T14:10:00+08:00,"中国1,4-丁烯二醇行业市场预测与发展战略报告（2026版）",1061866738,https://www.sohu.com/a/1061866738_252291,4,9
2026-08-11,2026-08-11T16:10:00+08:00,中国聚α烯烃(PAO)行业市场调研与预测报告（2026版）,1061487683,https://www.sohu.com/a/1061487683_252291,4,10
2026-08-11,2026-08-11T15:54:00+08:00,"中国2,4-二氯苯腈行业市场调研与未来预测报告（2026版）",1061480393,https://www.sohu.com/a/1061480393_252291,4,11
2026-08-11,2026-08-11T15:43:00+08:00,中国γ-氨基丁酸行业调研与投资预测报告（2026版）,1061475607,https://www.sohu.com/a/1061475607_252291,4,12
2026-08-11,2026-08-11T15:35:00+08:00,中国氟钽酸钾行业调研与未来预测报告（2026版）,1061470072,https://www.sohu.com/a/1061470072_252291,4,13
2026-08-11,2026-08-11T13:19:00+08:00,中国工业氟化钙行业调研与未来预测报告（2026版）,1061407935,https://www.sohu.com/a/1061407935_252291,4,14
2026-08-11,2026-08-11T12:03:00+08:00,中国茶提取物行业市场调研与投资评估报告（2026版）,1061381422,https://www.sohu.com/a/1061381422_252291,4,15
2026-08-11,2026-08-11T11:49:00+08:00,中国热塑性硫化橡胶（TPV）行业调研与预测报告（2026版）,1061376125,https://www.sohu.com/a/1061376125_252291,4,16
2026-08-11,2026-08-11T11:49:00+08:00,中国毫米波治疗仪行业调研与发展战略报告（2026版）,1061375294,https://www.sohu.com/a/1061375294_252291,4,17
2026-08-11,2026-08-11T11:48:00+08:00,中国果糖市场预测与投资战略报告（2026版）,1061374761,https://www.sohu.com/a/1061374761_252291,4,18
2026-08-11,2026-08-11T11:47:00+08:00,中国聚醚嵌段酰胺（PEBA）生产技术与发展前景报告（2026版）,1061374908,https://www.sohu.com/a/1061374908_252291,4,19
2026-08-10,2026-08-10T17:19:00+08:00,中国汽车粉末冶金零部件行业调研与发展战略报告（2026版）,1061087289,https://www.sohu.com/a/1061087289_252291,5,0
2026-08-10,2026-08-10T16:53:00+08:00,中国医用级BIIR行业调研与发展战略报告（2026版）,1061077198,https://www.sohu.com/a/1061077198_252291,5,1
2026-08-10,2026-08-10T16:45:00+08:00,中国溴化丁基橡胶行业调研与发展战略报告（2026版）,1061074642,https://www.sohu.com/a/1061074642_252291,5,2
2026-08-10,2026-08-10T16:34:00+08:00,中国热塑性弹性体胶塞行业调研与发展战略报告（2026版）,1061069889,https://www.sohu.com/a/1061069889_252291,5,3
2026-08-10,2026-08-10T16:25:00+08:00,中国丁基胶塞行业市场预测与发展战略报告（2026版）,1061066949,https://www.sohu.com/a/1061066949_252291,5,4
2026-08-10,2026-08-10T16:12:00+08:00,中国医用胶塞行业市场调研与投资评估报告（2026版）,1061061978,https://www.sohu.com/a/1061061978_252291,5,5
2026-08-10,2026-08-10T16:09:00+08:00,中国药用胶塞行业市场调研与发展战略报告（2026版）,1061061518,https://www.sohu.com/a/1061061518_252291,5,6
2026-08-10,2026-08-10T13:23:00+08:00,中国覆膜胶塞行业市场调研与投资评估报告（2026版）,1060993090,https://www.sohu.com/a/1060993090_252291,5,7
2026-08-10,2026-08-10T11:29:00+08:00,中国三苯基氯甲烷行业市场调研与投资评估报告（2026版）,1060946681,https://www.sohu.com/a/1060946681_252291,5,8
2026-08-10,2026-08-10T11:24:00+08:00,中国HMSPP树脂行业市场调研与未来预测报告（2026版）,1060944387,https://www.sohu.com/a/1060944387_252291,5,9
2026-08-07,2026-08-07T23:27:00+08:00,中国高熔体强度聚丙烯（HMSPP）市场调研与预测报告（2026版）,1060161705,https://www.sohu.com/a/1060161705_252291,5,10
2026-08-07,2026-08-07T10:55:00+08:00,中国白刚玉行业市场调研与发展战略报告（2026版）,1059871233,https://www.sohu.com/a/1059871233_252291,5,11
2026-08-06,2026-08-06T15:32:00+08:00,中国棕刚玉行业市场调研与未来预测报告（2026版）,1059552255,https://www.sohu.com/a/1059552255_252291,5,12
2026-08-06,2026-08-06T12:55:00+08:00,中国低钠α-氧化铝行业调研与预测报告（2026版）,1059478901,https://www.sohu.com/a/1059478901_252291,5,13
2026-08-06,2026-08-06T12:36:00+08:00,中国煅烧a-氧化铝粉行业调研与投资评估报告（2026版）,1059473725,https://www.sohu.com/a/1059473725_252291,5,14
2026-08-06,2026-08-06T11:19:00+08:00,中国化学品氧化铝产业调研与投资方向预测报告（2026版）,1059437739,https://www.sohu.com/a/1059437739_252291,5,15
2026-08-06,2026-08-06T10:53:00+08:00,中国矿渣微粉行业调研与发展战略报告（2026版）,1059424800,https://www.sohu.com/a/1059424800_252291,5,16
2026-08-06,2026-08-06T10:52:00+08:00,中国润滑油产业调研与投资方向研究报告（2026版）,1059425053,https://www.sohu.com/a/1059425053_252291,5,17
2026-08-06,2026-08-06T10:52:00+08:00,中国亚硝基硫酸行业调研与未来预测报告（2026版）,1059425104,https://www.sohu.com/a/1059425104_252291,5,18
2026-08-06,2026-08-06T10:52:00+08:00,中国红景天提取物市场预测与投资战略报告（2026版）,1059424624,https://www.sohu.com/a/1059424624_252291,5,19
2026-08-06,2026-08-06T10:51:00+08:00,中国氯铂酸行业市场调研与投资评估报告（2026版）,1059424254,https://www.sohu.com/a/1059424254_252291,6,0
2026-08-06,2026-08-06T10:51:00+08:00,中国特种氧化铝产业调研与投资方向预测报告（2026版）,1059424035,https://www.sohu.com/a/1059424035_252291,6,1
2026-08-05,2026-08-05T16:27:00+08:00,中国聚醚醚酮（PEEK）行业调研与未来预测报告（2026版）,1059122931,https://www.sohu.com/a/1059122931_252291,6,2
2026-08-05,2026-08-05T16:22:00+08:00,中国光引发剂行业市场调研与投资前景报告（2026版）,1059120374,https://www.sohu.com/a/1059120374_252291,6,3
2026-08-05,2026-08-05T15:55:00+08:00,中国高压电瓷行业市场调研与投资前景报告（2026版）,1059110310,https://www.sohu.com/a/1059110310_252291,6,4
2026-08-05,2026-08-05T15:39:00+08:00,中国焊丝行业市场调研与投资战略报告（2026版）,1059101117,https://www.sohu.com/a/1059101117_252291,6,5
2026-08-05,2026-08-05T13:10:00+08:00,中国石英纤维产业调研与发展战略报告（2026版）,1059032737,https://www.sohu.com/a/1059032737_252291,6,6
2026-08-05,2026-08-05T12:57:00+08:00,中国酶标仪市场预测与发展战略报告（2026版）,1059028212,https://www.sohu.com/a/1059028212_252291,6,7
2026-08-05,2026-08-05T12:46:00+08:00,中国纳米二氧化硅市场调研与投资预测报告（2026版）,1059024022,https://www.sohu.com/a/1059024022_252291,6,8
2026-08-05,2026-08-05T12:33:00+08:00,中国电子级异丙醇市场预测与投资战略报告（2026版）,1059019080,https://www.sohu.com/a/1059019080_252291,6,9
2026-08-05,2026-08-05T12:18:00+08:00,中国膨体聚四氟乙烯(ePTFE)行业市场调研与预测报告（2026版）,1059013336,https://www.sohu.com/a/1059013336_252291,6,10
2026-08-05,2026-08-05T12:08:00+08:00,中国海洋工程装备市场预测与投资评估报告（2026版）,1059009702,https://www.sohu.com/a/1059009702_252291,6,11
2026-08-03,2026-08-03T17:44:00+08:00,中国锻压设备产业调研与投资战略报告（2026版）,1058264887,https://www.sohu.com/a/1058264887_252291,6,12
2026-08-03,2026-08-03T16:58:00+08:00,中国丙酸钙行业市场调研与投资预测报告（2026版）,1058244190,https://www.sohu.com/a/1058244190_252291,6,13
2026-08-03,2026-08-03T13:20:00+08:00,中国冠脉通路器械市场调研与未来预测报告（2026版）,1058162761,https://www.sohu.com/a/1058162761_252291,6,14
2026-08-03,2026-08-03T13:10:00+08:00,中国农林保水剂行业调研与发展战略报告（2026版）,1058160353,https://www.sohu.com/a/1058160353_252291,6,15
2026-08-03,2026-08-03T11:01:00+08:00,中国乙醇梭菌蛋白生产技术与发展前景报告（2026版）,1058110622,https://www.sohu.com/a/1058110622_252291,6,16
2026-08-02,2026-08-02T14:28:00+08:00,全球与中国间规聚苯乙烯行业市场发展与预测报告（2026版）,1057843748,https://www.sohu.com/a/1057843748_252291,6,17
2026-08-02,2026-08-02T14:18:00+08:00,中国聚苯乙烯专用白油行业市场调研与投资预测报告（2026版）,1057841315,https://www.sohu.com/a/1057841315_252291,6,18
2026-08-02,2026-08-02T14:11:00+08:00,中国聚苯乙烯市场预测与投资战略报告（2026版）,1057839836,https://www.sohu.com/a/1057839836_252291,6,19
2026-08-02,2026-08-02T13:53:00+08:00,中国可发性聚苯乙烯（EPS）行业调研与评估报告（2026版）,1057836020,https://www.sohu.com/a/1057836020_252291,7,0
2026-08-02,2026-08-02T12:36:00+08:00,中国咪唑啉缓蚀剂行业市场调研与投资前景报告（2026版）,1057821567,https://www.sohu.com/a/1057821567_252291,7,1
2026-07-31,2026-07-31T19:45:00+08:00,中国氢氧化钴行业市场调研与投资评估报告（2026版）,1057272308,https://www.sohu.com/a/1057272308_252291,7,2
2026-07-31,2026-07-31T19:34:00+08:00,中国IT分销行业市场调研与发展战略报告（2026版）,1057267187,https://www.sohu.com/a/1057267187_252291,7,3
2026-07-31,2026-07-31T19:31:00+08:00,中国对羟基苯甲酸甲酯钠行业调研与投资评估报告（2026版）,1057265897,https://www.sohu.com/a/1057265897_252291,7,4
2026-07-31,2026-07-31T16:56:00+08:00,中国费托蜡行业市场调研与投资战略报告（2026版）,1057199686,https://www.sohu.com/a/1057199686_252291,7,5
2026-07-30,2026-07-30T20:36:00+08:00,中国硅铝合金市场评估与投资战略报告（2026版）,1056816194,https://www.sohu.com/a/1056816194_252291,7,6
2026-07-30,2026-07-30T20:25:00+08:00,中国野山参行业市场调研与未来预测报告（2026版）,1056813777,https://www.sohu.com/a/1056813777_252291,7,7
2026-07-30,2026-07-30T16:11:00+08:00,中国汽车EPS行业调研与发展战略报告（2026版）,1056719301,https://www.sohu.com/a/1056719301_252291,7,8
2026-07-30,2026-07-30T16:06:00+08:00,中国牛肉干行业市场调研与投资评估报告（2026版）,1056717546,https://www.sohu.com/a/1056717546_252291,7,9
2026-07-30,2026-07-30T15:53:00+08:00,中国合成冰片行业市场调研与投资评估报告（2026版）,1056712272,https://www.sohu.com/a/1056712272_252291,7,10
2026-07-30,2026-07-30T15:31:00+08:00,中国轨道交通连接器行业调研与发展战略报告（2026版）,1056700347,https://www.sohu.com/a/1056700347_252291,7,11
2026-07-30,2026-07-30T15:23:00+08:00,中国汽车尾气催化剂产业调研与投资估报告（2026版）,1056696118,https://www.sohu.com/a/1056696118_252291,7,12
2026-07-30,2026-07-30T15:14:00+08:00,中国钛酸锂电池行业调研与投资评估报告（2026版）,1056692027,https://www.sohu.com/a/1056692027_252291,7,13
2026-07-30,2026-07-30T15:03:00+08:00,中国甲基乙烯基硅橡胶行业调研与预测报告（2026版）,1056684246,https://www.sohu.com/a/1056684246_252291,7,14
2026-07-29,2026-07-29T16:42:00+08:00,中国热塑性聚氨酯弹性体（TPU）行业市场调研报告（2026版）,1056267724,https://www.sohu.com/a/1056267724_252291,7,15
2026-07-29,2026-07-29T16:28:00+08:00,中国铝合金电缆行业调研与发展战略报告（2026版）,1056260744,https://www.sohu.com/a/1056260744_252291,7,16
2026-07-29,2026-07-29T15:31:00+08:00,中国氢氧化锂行业市场调研与未来预测报告（2026版）,1056233057,https://www.sohu.com/a/1056233057_252291,7,17
2026-07-29,2026-07-29T15:15:00+08:00,中国阿洛酮糖行业市场调研与未来预测报告（2026版）,1056224169,https://www.sohu.com/a/1056224169_252291,7,18
2026-07-29,2026-07-29T14:47:00+08:00,中国皮革化学品产业调研与投资方向研究报告（2026版）,1056207886,https://www.sohu.com/a/1056207886_252291,7,19
2026-07-29,2026-07-29T14:37:00+08:00,中国赖氨酸行业市场调研与投资战略报告（2026版）,1056203442,https://www.sohu.com/a/1056203442_252291,8,0
2026-07-29,2026-07-29T13:14:00+08:00,中国心电监护仪市场调研与未来预测报告（2026版）,1056171070,https://www.sohu.com/a/1056171070_252291,8,1
2026-07-29,2026-07-29T13:05:00+08:00,中国生物农药产业调研与投资方向研究报告（2026版）,1056168090,https://www.sohu.com/a/1056168090_252291,8,2
2026-07-29,2026-07-29T12:55:00+08:00,中国小型发电机行业市场调研与发展战略报告（2026版）,1056165515,https://www.sohu.com/a/1056165515_252291,8,3
2026-07-29,2026-07-29T12:45:00+08:00,中国琥珀酸多西拉敏市场预测与投资战略报告（2026版）,1056162917,https://www.sohu.com/a/1056162917_252291,8,4
2026-07-28,2026-07-28T22:02:00+08:00,中国松焦油行业市场调研与投资评估报告（2026版）,1055915809,https://www.sohu.com/a/1055915809_252291,8,5
2026-07-28,2026-07-28T21:48:00+08:00,中国羧甲基纤维素行业市场调研与投资评估报告（2026版）,1055911951,https://www.sohu.com/a/1055911951_252291,8,6
2026-07-28,2026-07-28T16:52:00+08:00,中国漂粉精行业市场调研与投资评估报告（2026版）,1055794656,https://www.sohu.com/a/1055794656_252291,8,7
2026-07-28,2026-07-28T16:47:00+08:00,中国偏磷酸铝行业市场调研与投资战略报告（2026版）,1055792404,https://www.sohu.com/a/1055792404_252291,8,8
2026-07-28,2026-07-28T15:29:00+08:00,中国血液透析用碳酸氢钠行业市场调研与预测报告（2026版）,1055755546,https://www.sohu.com/a/1055755546_252291,8,9
2026-07-28,2026-07-28T15:19:00+08:00,中国医药级碳酸氢钠行业市场调研与预测报告（2026版）,1055749766,https://www.sohu.com/a/1055749766_252291,8,10
2026-07-27,2026-07-27T15:00:00+08:00,中国腰果酚改性酚醛树脂行业市场调研与预测报告（2026版）,1055298849,https://www.sohu.com/a/1055298849_252291,8,11
2026-07-27,2026-07-27T14:45:00+08:00,中国腰果酚行业市场调研与投资评估报告（2026版）,1055292576,https://www.sohu.com/a/1055292576_252291,8,12
2026-07-23,2026-07-23T13:14:00+08:00,中国N-甲基二乙醇胺（MDEA）行业调研与发展战略报告（2026版）,1053779867,https://www.sohu.com/a/1053779867_252291,8,13
2026-07-23,2026-07-23T12:55:00+08:00,中国维生素D3行业市场调研与预测报告（2026版）,1053770941,https://www.sohu.com/a/1053770941_252291,8,14
2026-07-23,2026-07-23T12:45:00+08:00,中国食品级氯化钙行业调研与投资前景报告（2026版）,1053766904,https://www.sohu.com/a/1053766904_252291,8,15
2026-07-23,2026-07-23T11:01:00+08:00,中国氧化钪稳定氧化锆行业调研与预测报告（2026版）,1053706145,https://www.sohu.com/a/1053706145_252291,8,16
2026-07-23,2026-07-23T10:50:00+08:00,中国高纯碳酸锰行业市场调研与投资评估报告（2026版）,1053700344,https://www.sohu.com/a/1053700344_252291,8,17
2026-07-23,2026-07-23T10:41:00+08:00,中国工业碳酸锰行业调研与投资评估报告（2026版）,1053694931,https://www.sohu.com/a/1053694931_252291,8,18
2026-07-23,2026-07-23T10:24:00+08:00,中国硅酸钇镥闪烁晶体行业调研与投资评估报告（2026版）,1053685990,https://www.sohu.com/a/1053685990_252291,8,19
2026-07-23,2026-07-23T10:15:00+08:00,"中国9,10-二氢-9-氧杂-10-磷杂菲-10-氧化物市场调研报告（2026版）",1053681810,https://www.sohu.com/a/1053681810_252291,9,0
2026-07-21,2026-07-21T21:23:00+08:00,中国微波介质陶瓷行业调研与发展战略报告（2026版）,1053070401,https://www.sohu.com/a/1053070401_252291,9,1
2026-07-21,2026-07-21T21:03:00+08:00,中国甲基环戊二烯二聚体行业调研与投资评估报告（2026版）,1053066557,https://www.sohu.com/a/1053066557_252291,9,2
2026-07-21,2026-07-21T20:55:00+08:00,中国丁基橡胶行业市场调研与投资预测报告（2026版）,1053064721,https://www.sohu.com/a/1053064721_252291,9,3
2026-07-21,2026-07-21T20:41:00+08:00,中国钛酸锂行业市场调研与未来预测报告（2026版）,1053061433,https://www.sohu.com/a/1053061433_252291,9,4
2026-07-21,2026-07-21T20:32:00+08:00,中国led封装胶行业调研与投资战略报告（2026版）,1053058517,https://www.sohu.com/a/1053058517_252291,9,5
2026-07-21,2026-07-21T16:07:00+08:00,中国LTCC（低温共烧陶瓷）行业市场调研与预测报告（2026版）,1052946329,https://www.sohu.com/a/1052946329_252291,9,6
2026-07-21,2026-07-21T15:55:00+08:00,中国异壬醇行业市场调研与投资评估报告（2026版）,1052939980,https://www.sohu.com/a/1052939980_252291,9,7
2026-07-21,2026-07-21T15:15:00+08:00,中国纳米铜粉行业市场调研与投资预测报告（2026版）,1052918939,https://www.sohu.com/a/1052918939_252291,9,8
2026-07-21,2026-07-21T15:02:00+08:00,中国高纯氟化镁行业市场调研与投资评估报告（2026版）,1052912126,https://www.sohu.com/a/1052912126_252291,9,9
2026-07-21,2026-07-21T14:52:00+08:00,中国氟化镁行业市场调研与投资评估报告（2026版）,1052906351,https://www.sohu.com/a/1052906351_252291,9,10
2026-07-20,2026-07-20T16:40:00+08:00,中国长玻璃纤维增强聚丙烯行业调研与预测报告（2026版）,1052515947,https://www.sohu.com/a/1052515947_252291,9,11
2026-07-20,2026-07-20T16:37:00+08:00,中国长玻纤增强聚丙烯行业市场调研与预测报告（2026版）,1052514242,https://www.sohu.com/a/1052514242_252291,9,12
2026-07-20,2026-07-20T15:10:00+08:00,中国LFT材料行业市场调研与未来预测报告（2026版）,1052474649,https://www.sohu.com/a/1052474649_252291,9,13
2026-07-20,2026-07-20T15:00:00+08:00,中国二乙二醇二甲醚行业市场调研与投资预测报告（2026版）,1052467337,https://www.sohu.com/a/1052467337_252291,9,14
2026-07-20,2026-07-20T14:52:00+08:00,中国高密度聚乙烯(HDPE)行业调研与预测报告（2026版）,1052464250,https://www.sohu.com/a/1052464250_252291,9,15
2026-07-17,2026-07-17T20:43:00+08:00,中国电子级高纯氮行业市场调研与投资战略报告（2026版）,1051627920,https://www.sohu.com/a/1051627920_252291,9,16
2026-07-17,2026-07-17T20:37:00+08:00,中国戊唑醇行业市场调研与未来预测报告（2026版）,1051626136,https://www.sohu.com/a/1051626136_252291,9,17
2026-07-17,2026-07-17T20:31:00+08:00,中国降龙涎香醚行业调研与投资评估报告（2026版）,1051624476,https://www.sohu.com/a/1051624476_252291,9,18
2026-07-17,2026-07-17T20:23:00+08:00,中国眼科用药行业市场调研与发展战略报告（2026版）,1051622077,https://www.sohu.com/a/1051622077_252291,9,19
2026-07-17,2026-07-17T20:09:00+08:00,中国高温超导材料行业调研与发展战略报告（2026版）,1051619928,https://www.sohu.com/a/1051619928_252291,10,0
2026-07-17,2026-07-17T17:21:00+08:00,中国钛酸正丁酯行业市场调研与投资评估报告（2026版）,1051554081,https://www.sohu.com/a/1051554081_252291,10,1
2026-07-17,2026-07-17T17:06:00+08:00,中国高纯钽靶材行业调研与未来预测报告（2026版）,1051548677,https://www.sohu.com/a/1051548677_252291,10,2
2026-07-17,2026-07-17T16:16:00+08:00,中国对羟基苯甲醚行业市场调研与投资评估报告（2026版）,1051526781,https://www.sohu.com/a/1051526781_252291,10,3
2026-07-17,2026-07-17T15:41:00+08:00,中国邻氨基苯甲酸甲酯行业调研与未来预测报告（2026版）,1051513457,https://www.sohu.com/a/1051513457_252291,10,4
2026-07-16,2026-07-16T16:56:00+08:00,中国氯化溶剂行业市场调研与投资评估报告（2026版）,1051112956,https://www.sohu.com/a/1051112956_252291,10,5
2026-07-16,2026-07-16T16:26:00+08:00,中国重烷基苯行业市场预测与发展战略报告（2026版）,1051100900,https://www.sohu.com/a/1051100900_252291,10,6
2026-07-16,2026-07-16T16:19:00+08:00,中国烷基苯市场预测与投资战略报告（2026版）,1051097033,https://www.sohu.com/a/1051097033_252291,10,7
2026-07-16,2026-07-16T15:40:00+08:00,中国煤焦油沥青行业调研与投资评估报告（2026版）,1051080926,https://www.sohu.com/a/1051080926_252291,10,8
2026-07-16,2026-07-16T15:25:00+08:00,中国羧甲基纤维素行业市场调研与投资评估报告（2026版）,1051072872,https://www.sohu.com/a/1051072872_252291,10,9
2026-07-16,2026-07-16T15:09:00+08:00,中国松焦油行业市场调研与投资评估报告（2026版）,1051064046,https://www.sohu.com/a/1051064046_252291,10,10
2026-07-16,2026-07-16T10:02:00+08:00,中国电子级二氧化碳市场预测与投资战略报告（2026版）,1050925943,https://www.sohu.com/a/1050925943_252291,10,11
2026-07-16,2026-07-16T09:50:00+08:00,中国四羟甲基硫酸磷行业调研与投资评估报告（2026版）,1050918978,https://www.sohu.com/a/1050918978_252291,10,12
2026-07-16,2026-07-16T09:29:00+08:00,中国米尔贝霉素生产技术与发展前景报告（2026版）,1050901013,https://www.sohu.com/a/1050901013_252291,10,13
2026-07-16,2026-07-16T09:17:00+08:00,中国邻甲酚醛环氧树脂行业调研与预测报告（2026版）,1050895855,https://www.sohu.com/a/1050895855_252291,10,14
2026-07-15,2026-07-15T16:54:00+08:00,中国油气弹簧行业市场调研与未来预测报告（2026版）,1050669488,https://www.sohu.com/a/1050669488_252291,10,15
2026-07-15,2026-07-15T16:49:00+08:00,中国电控硅油离合器风扇总成行业市场深度调研报告（2026版）,1050668336,https://www.sohu.com/a/1050668336_252291,10,16
2026-07-15,2026-07-15T16:29:00+08:00,中国过氧化氢酶行业调研与投资评估报告（2026版）,1050660629,https://www.sohu.com/a/1050660629_252291,10,17
2026-07-15,2026-07-15T16:17:00+08:00,中国蔗糖脂肪酸酯行业市场调研与预测报告（2026版）,1050654885,https://www.sohu.com/a/1050654885_252291,10,18
2026-07-15,2026-07-15T16:16:00+08:00,中国半导体光罩市场调研与投资预测报告（2026版）,1050654868,https://www.sohu.com/a/1050654868_252291,10,19
2026-07-14,2026-07-14T21:30:00+08:00,中国质谱仪行业市场调研与未来预测报告（2026版）,1050306850,https://www.sohu.com/a/1050306850_252291,11,0
2026-07-14,2026-07-14T21:19:00+08:00,中国环氧脂肪酸甲酯行业调研与发展战略报告（2026版）,1050304420,https://www.sohu.com/a/1050304420_252291,11,1
2026-07-14,2026-07-14T21:02:00+08:00,中国谷胱甘肽保健品市场预测与投资战略报告（2026版）,1050300411,https://www.sohu.com/a/1050300411_252291,11,2
2026-07-14,2026-07-14T12:52:00+08:00,中国硅灰石行业市场调研与投资评估报告（2026版）,1050080915,https://www.sohu.com/a/1050080915_252291,11,3
2026-07-14,2026-07-14T12:38:00+08:00,中国长碳链尼龙行业市场调研与投资预测报告（2026版）,1050076429,https://www.sohu.com/a/1050076429_252291,11,4
2026-07-14,2026-07-14T12:31:19+08:00,中国新能源汽车热管理系统市场调研与预测报告（2026版）,1050072900,https://www.sohu.com/a/1050072900_252291,11,5
2026-07-14,2026-07-14T12:14:00+08:00,中国高纯氯气市场调研与投资预测报告（2026版）,1050065489,https://www.sohu.com/a/1050065489_252291,11,6
2026-07-14,2026-07-14T11:46:00+08:00,中国生物敷料行业市场调研与未来预测报告（2026版）,1050051638,https://www.sohu.com/a/1050051638_252291,11,7
2026-07-14,2026-07-14T10:39:00+08:00,中国新能源自卸车行业调研与发展战略报告（2026版）,1050007868,https://www.sohu.com/a/1050007868_252291,11,8
2026-07-14,2026-07-14T10:31:00+08:00,中国铝合金压铸件行业市场调研与未来预测报告（2026版）,1050002150,https://www.sohu.com/a/1050002150_252291,11,9
2026-07-13,2026-07-13T17:17:00+08:00,中国电子级双氧水行业市场调研与投资评估报告（2026版）,1049719268,https://www.sohu.com/a/1049719268_252291,11,10
2026-07-13,2026-07-13T17:13:00+08:00,中国三氟丙烯行业市场调研与投资评估报告（2026版）,1049716900,https://www.sohu.com/a/1049716900_252291,11,11
2026-07-13,2026-07-13T17:11:00+08:00,中国除尘滤袋行业市场调研与发展战略报告（2026版）,1049717216,https://www.sohu.com/a/1049717216_252291,11,12
2026-07-13,2026-07-13T16:48:00+08:00,中国玻尿酸原料市场预测与投资战略报告（2026版）,1049707925,https://www.sohu.com/a/1049707925_252291,11,13
2026-07-13,2026-07-13T16:45:00+08:00,中国透明质酸原料市场预测与发展战略报告（2026版）,1049705764,https://www.sohu.com/a/1049705764_252291,11,14
2026-07-13,2026-07-13T16:14:00+08:00,中国聚碳酸酯（PC）市场预测与投资战略报告（2026版）,1049692699,https://www.sohu.com/a/1049692699_252291,11,15
2026-07-13,2026-07-13T15:38:00+08:00,中国弹簧行业市场调研与投资评估报告（2026版）,1049676226,https://www.sohu.com/a/1049676226_252291,11,16
2026-07-13,2026-07-13T15:30:00+08:00,中国再生医学市场调研与未来预测报告（2026版）,1049669491,https://www.sohu.com/a/1049669491_252291,11,17
2026-07-13,2026-07-13T15:20:00+08:00,中国阻燃抗熔滴聚酯市场调研与未来预测报告（2026版）,1049662413,https://www.sohu.com/a/1049662413_252291,11,18
2026-07-13,2026-07-13T10:15:00+08:00,中国特立帕肽注射液市场预测与发展战略报告（2026版）,1049521409,https://www.sohu.com/a/1049521409_252291,11,19
2026-07-08,2026-07-08T16:25:00+08:00,中国三元共聚聚丙烯行业调研与投资预测报告（2026版）,1047544327,https://www.sohu.com/a/1047544327_252291,12,0
2026-07-08,2026-07-08T15:17:00+08:00,中国电子级三氯化铝生产技术与发展前景报告（2026版）,1047503882,https://www.sohu.com/a/1047503882_252291,12,1
2026-07-08,2026-07-08T15:05:00+08:00,中国无水三氯化铝市场预测与发展战略报告（2026版）,1047497375,https://www.sohu.com/a/1047497375_252291,12,2
2026-07-08,2026-07-08T14:45:00+08:00,中国蛋黄卵磷脂市场预测与投资战略报告（2026版）,1047485593,https://www.sohu.com/a/1047485593_252291,12,3
2026-07-08,2026-07-08T13:01:00+08:00,中国邻甲基对苯二酚行业调研与投资评估报告（2026版）,1047446365,https://www.sohu.com/a/1047446365_252291,12,4
2026-07-08,2026-07-08T12:56:00+08:00,中国乳糖醇行业市场调研与投资战略报告（2026版）,1047444753,https://www.sohu.com/a/1047444753_252291,12,5
2026-07-08,2026-07-08T12:47:00+08:00,中国水性胶黏剂市场预测与投资战略报告（2026版）,1047441212,https://www.sohu.com/a/1047441212_252291,12,6
2026-07-08,2026-07-08T12:18:00+08:00,中国磷酸脲行业调研与投资评估报告（2026版）,1047425956,https://www.sohu.com/a/1047425956_252291,12,7
2026-07-07,2026-07-07T17:05:00+08:00,中国硬质合金棒材市场预测与投资战略报告（2026版）,1047070512,https://www.sohu.com/a/1047070512_252291,12,8
2026-07-07,2026-07-07T16:57:00+08:00,中国钽电解电容器行业市场调研与投资评估报告（2026版）,1047066456,https://www.sohu.com/a/1047066456_252291,12,9
2026-07-07,2026-07-07T16:45:00+08:00,中国污泥处理市场预测与投资评估报告（2026版）,1047059574,https://www.sohu.com/a/1047059574_252291,12,10
2026-07-07,2026-07-07T15:53:00+08:00,中国氯化苯行业市场调研与未来预测报告（2026版）,1047036626,https://www.sohu.com/a/1047036626_252291,12,11
2026-07-07,2026-07-07T15:50:00+08:00,中国医疗监护仪行业市场调研与未来预测报告（2026版）,1047035054,https://www.sohu.com/a/1047035054_252291,12,12
2026-07-07,2026-07-07T15:40:00+08:00,中国氟橡胶预混胶行业市场调研与投资评估报告（2026版）,1047029363,https://www.sohu.com/a/1047029363_252291,12,13
2026-07-07,2026-07-07T15:27:00+08:00,中国水性导电涂料行业调研与投资评估报告（2026版）,1047022611,https://www.sohu.com/a/1047022611_252291,12,14
2026-07-07,2026-07-07T13:57:00+08:00,中国硝化纤维素行业调研与投资评估报告（2026版）,1046973410,https://www.sohu.com/a/1046973410_252291,12,15
2026-07-07,2026-07-07T13:45:00+08:00,中国杀菌剂1227行业市场调研与投资评估报告（2026版）,1046968689,https://www.sohu.com/a/1046968689_252291,12,16
2026-07-07,2026-07-07T13:43:00+08:00,中国十二烷基二甲基苄基氯化铵行业市场调研报告（2026版）,1046969113,https://www.sohu.com/a/1046969113_252291,12,17
2026-07-04,2026-07-04T21:28:00+08:00,中国聚甲醛行业市场调研与未来预测报告（2026版）,1045860002,https://www.sohu.com/a/1045860002_252291,12,18
2026-07-04,2026-07-04T21:20:00+08:00,中国稀土抛光粉行业市场调研与投资评估报告（2026版）,1045858554,https://www.sohu.com/a/1045858554_252291,12,19
2026-07-04,2026-07-04T21:14:00+08:00,中国邻二甲苯市场深度调研与投资前景报告（2026版）,1045857070,https://www.sohu.com/a/1045857070_252291,13,0
2026-07-04,2026-07-04T21:13:00+08:00,中国刻蚀机行业市场调研与发展战略报告（2026版）,1045857263,https://www.sohu.com/a/1045857263_252291,13,1
2026-07-04,2026-07-04T21:08:00+08:00,中国双酚A行业市场调研与未来预测报告（2026版）,1045855994,https://www.sohu.com/a/1045855994_252291,13,2
2026-07-04,2026-07-04T21:06:00+08:00,中国混合二元酸二甲酯行业市场调研与未来预测报告（2026版）,1045856453,https://www.sohu.com/a/1045856453_252291,13,3
2026-07-04,2026-07-04T20:59:00+08:00,中国醋酸甲酯行业调研与未来预测报告（2026版）,1045854984,https://www.sohu.com/a/1045854984_252291,13,4
2026-07-04,2026-07-04T20:17:00+08:00,中国机器人电缆行业调研与投资战略报告（2026版）,1045848258,https://www.sohu.com/a/1045848258_252291,13,5
2026-07-04,2026-07-04T14:06:00+08:00,全球与中国潮汐发电行业调研与投资价值报告（2026版）,1045743935,https://www.sohu.com/a/1045743935_252291,13,6
2026-07-04,2026-07-04T13:57:00+08:00,中国条码打印机市场预测与发展战略报告（2026版）,1045741589,https://www.sohu.com/a/1045741589_252291,13,7
2026-07-03,2026-07-03T16:14:00+08:00,中国植脂末行业市场预测与发展战略报告（2026版）,1045329869,https://www.sohu.com/a/1045329869_252291,13,8
2026-07-01,2026-07-01T16:22:00+08:00,中国聚醚胺行业市场调研与投资评估报告（2026版）,1044272669,https://www.sohu.com/a/1044272669_252291,13,9
2026-06-26,2026-06-26T14:45:00+08:00,中国工业溴化苄行业调研与投资评估报告（2026版）,1041967122,https://www.sohu.com/a/1041967122_252291,13,10
2026-06-24,2026-06-24T17:58:00+08:00,中国雪崩光电二极管行业调研与投资评估报告（2026版）,1041033863,https://www.sohu.com/a/1041033863_252291,13,11
2026-06-24,2026-06-24T17:51:00+08:00,中国超声波传感器行业调研与发展战略报告（2026版）,1041028597,https://www.sohu.com/a/1041028597_252291,13,12
2026-06-24,2026-06-24T17:45:00+08:00,中国氧化铁行业市场调研与投资评估报告（2026版）,1041025254,https://www.sohu.com/a/1041025254_252291,13,13
2026-06-24,2026-06-24T16:32:00+08:00,中国羟丙基倍他环糊精行业市场调研与预测报告（2026版）,1040984336,https://www.sohu.com/a/1040984336_252291,13,14
2026-06-24,2026-06-24T16:21:00+08:00,中国氨基K酸行业市场调研与投资前景报告（2026版）,1040978269,https://www.sohu.com/a/1040978269_252291,13,15
